BARRAS;PRODUCTOS;COSTO
932035;MEMB.BARRA CAJON X 5 KG.ARCOR; 60.32   
967006;BATATA VAIN.CAJON X 5 KG.ARCOR; 50.06   
977036;BATATA SABOR CHOC.B.X5KG ARCOR; 50.06   
77903501;OPERA 56X55 GR.;3.19
77903518;OPERA 28X92 GR;4.93
77915368;CEREAL MIX DURAZNO L.6X20X23G;51.06
77915818;CEREAL MIX MANZANA L 6X20X23G;51.06
77916389;CHI. TOPLINE FRUTA 30X20X6.7 G; 22.92   
77916396;CHI.TOPLINE STRONG 30X20X6.7 G; 22.92   
77916419;CH.TOPLINE DEFENSE 30X20X6.7 G; 22.92   
77916426;CHI. TOPLINE MENTA 30X20X6.7 G; 22.92   
77916457;TOPLINE TAB.MENTOL AG.90X4X6.7; 6.08   
77916501;CEREAL MIX ORIGINAL 6X20X23G.;51.06
77916525;CER.MIX CHOC.y ALMEND.6X20X23G;51.06
77920676;MENTHO PLUS MENTA 12X12X30.6 G; 18.35   
77922670;MENTHO PLUS STRONG 12X12X30.6G; 18.35   
77930002;BON-O-BON LECHE 12X30X17GR.;37.55
77930002;BON-O-BON LECHE 12X30X17GR.;37.55
77930019;BON-O-BON BLANCO 12X30X17GR.;37.55
77936134;CHI.TOPLINE MINT-C 30x20x6.7G.; 22.92   
77936271;BARRA SER FRUTILLA 6X20X23 GR;55.58
77936288;BARRA SER DURAZNO 6X20X23 GR;55.58
000077940131;TURRONES 4X50X25 GRS.; 42.58   
77946805;MTHO.PLUS S/A.CHERRY12X12X26.6; 21.38   
77950031;CHOC.LECHE MANI BLOCK 8X10X110;88.16
77955272;ALFAJOR SER 48X42 GR.;3.48
779336005060;ATUN EN ACEITE CAMPAGN.24X170g; 14.43   
790407031273;CHOC AGUILA FECH.ESP 6X15X150G;177.82
7790040001855;MELITAS 24X170 GR;5.02
7790040003569;REX 32X75G;3.89
7790040003606;KESITAS 32X75G;3.89
7790040008175;OPERA 14X220 GR.;11.60
7790040047013;CRIOLLITAS LACTEADA 32X118 GR;4.17
7790040047020;CRIOLLITAS LACTEADA 10X3X118GR;10.14
7790040055414;SER SALVADO 30X145 G.BAGLEY;4.02
7790040091214;(00102) SER TOST 16x110 GR.;7.85
7790040100206;BAR.CER.MIX PASI.CHOC.6X20X26g;51.06
7790040100305;BAR.CER.MIX PASI.CHOC.32X6X26g;15.96
7790040111004;CHOCOLINAS 25X250G;7.53
7790040170605;COPOS DE MAIZ C. MIX 18X160G;4.58
7790040170704;COPOS DE MAIZ C. MIX 14X400G;12.82
7790040173200;KESITAS 16X125G;7.19
7790040174801;MACUCAS 36X123G;3.86
7790040174900;MACUCAS 12X3X123G;11.41
7790040218109;MEDIALUNITAS 22X200G;3.97
7790040269606;MELITAS MIX DE CEREAL 24X170 G;5.02
7790040269804;MELITAS AVENA Y MIEL 24X170 GR;5.02
7790040298705;ALF.MINITORTA 21X72GR AGUILA;4.03
7790040298804;ALF.MINITORTA BWNIE 21X74G AGU;4.03
7790040298903;ALF.MINITORTA COCO 21X73G AGU;4.03
7790040301702;ALFAJ.MINITORTA 16X3X72G-AGUIL;11.80
7790040316508;ALF.MINITORTA CHOC.BCO.21X72 G;4.03
7790040330900;BUDIN SER MARMOLADO 18X250 GR.;14.74
7790040331204;ALFAJOR TATIN NEGRO 56X33 GR.;1.11
7790040331303;ALFAJOR TATIN BLANCO 56X33 GR.;1.11
7790040345805;BARRAS SER FLLA/CHOC.6X20X23g;55.56
7790040351103;CEREALMIX YOGHURT/FRUT.32X3X28;8.58
7790040351202;CEREAL MIX YOGURT/FRU.6X20X28G;51.06
7790040351400;BARRA CER.YOGURT/VAIN.6X20X28G;51.06
7790040351509;CEREALMIX YOGURT/VAIN.32X3X28G;8.58
7790040362604;BARRA SER MANZANA 6X20X23 GR;55.58
7790040374409;CEREAL MIX AVENA/CHO 25X180G;6.28
7790040374508;CER MIX CACAO&FRUT SEC 25X230G;7.07
7790040374607;SALADIX DUO 24X80 GR;4.78
7790040374706;SALADIX DUO JAM./QUE. 8X6X25G.;1.96
7790040375000;ALFAJOR BYN 3.0 NEGRO 21X73.5G;4.03
7790040375208;CHOCOCHIPS CH/CH DARK 24X135G;3.66
7790040376304;ALFAJOR BYN NEGRO AGR.16X6X50G;16.82
7790040376403;ALFAJOR BYN BCO. AGR.16X6X50G;16.82
7790040377707;CRIOLLITAS 56X100 GR;2.37
7790040377806;CRIOLLITAS 22X3X100G;6.24
7790040377905;CRIOLLITAS 12X5X100 GR;9.93
7790040378506;CEREAL MIX ORIGINAL 32X6X23g.;15.96
7790040378704;CEREAL MIX ORIGINAL 32X3X23g.;8.58
7790040378803;C.MIX CHOCO.Y ALMENDRA 32X6X23;15.96
7790040379107;CEREAL MIX MANZANA L 32X6X23G;15.96
7790040379305;CEREAL MIX MANZANA L 32X3X23G;8.58
7790040379503;CEREAL MIX DURAZNO L 32X3X23G;8.58
7790040383708;SER SALVADO 10x3x145 G.2007;10.23
7790040384002;COPOS AZUCARADOS ARCOR 16X240G;6.14
7790040384101;COPOS AZUCARADOS ARCOR 16X434G;12.82
7790040385702;BIZCOCHOS AZUCARADOS 24X200g.;3.97
7790040386709;MINI REX 8X6X30 GR;1.98
7790040405301;ALF.TATIN BLANCO 21X60G;2.04
7790040405608;ALF.TATIN NEGRO 21X60G;2.04
7790040406803;CEREAL MOGUL 20X200G;12.60
7790040439306;MANA RELL.CHOCOLATE 36X165 GR.;5.40
7790040441507;CER.MIX GRANOL.C/CHOC.32X6X30g;15.96
7790040444003;ALFAJOR CABSHA AGR.BCO.16X6X47;11.66
7790040444102;ALFAJOR CABSHA AGR.NEG.16X6X47;11.66
7790040444201;ALFAJOR CABSHA BLANCO 40X47g.;2.16
7790040444300;ALFAJOR CABSHA NEGRO 40X47g;2.16
7790040444409;CEREAL MOGUL 16X300G;18.14
7790040447400;BAR.CEREALMIX GRANOLA 6X20X25g;51.06
7790040447509;BAR.CER.MIX GRANOLA 32X6X25g;15.96
7790040449701;BUDIN SER 18X250 GR.;14.75
7790040454705;TENTAC.POSTRE LEMON PIE 25X81G;5.07
7790040454804;TENTAC.POSTRE FRUT.ROJOS 25X81;5.07
7790040455306;CER.MIX YOG./FRUTI. L.32X6X28G;15.96
7790040455405;BIZCOCHOS D/GRASA ARCOR 24X200;3.97
7790040455719;CER.MIX YOGHURT/FRUT.32X6X28 G;15.96
7790040467002;SALV.BAG.FITOSTEROLES 30X185G;4.62
7790040484801;ALF.TOFI NEGRO 21X73 G;3.89
7790040526907;GRANOLA TRADIC C. MIX 20X320G;18.54
7790040531406;GRANOLA C/PASAS C. MIX 20X320G;18.54
7790040534100;FORMIS BOTS CHO/VAI.36X72G;2.87
7790040534209;FORMIS BOTS VAI/FRUT.36X72G;2.87
7790040534308;FORMIS BOTS CHO/DDL.36X72G;2.87
7790040534407;FORMIS BOTS VAI/CHO.36X72G;2.87
7790040534506;FORMIS BOTS CHO/VAI.24X108G;4.17
7790040534605;FORMIS BOTS VAI/FRUT.24X108G;4.17
7790040534704;FORMIS BOTS CHO/DDL.24X108G;4.17
7790040534803;FORMIS BOTS VAI/CHO. 24X108G;4.16
7790040535909;AZUCARADAS MARMOLA.54X80G;1.93
7790040536005;AZUCARADAS COCO 54X80 GR;1.93
7790040545939;CRIOLLITAS 3 CEREALES 24X140 G;3.83
7790040565203;MINI SCONES 24X200gr.;3.97
7790040566903;HOGARE•AS MIX DE CEREAL 36X176;5.11
7790040567009;HOGARE•AS MIX CEREAL 12X3X176G;13.73
7790040569706;HOGARE•AS 7 SEMILLA 36X181 G.;5.13
7790040589902;GALL.CER.MIX AVEN/GRANO.25X180;6.28
7790040590700;FORMIS SUPER BLACK 24X82g.;4.19
7790040599307;SONRISAS FRAMBUESA 39X60g.;2.69
7790040599505;GA.TENT.MOUS.CHOC.AGUILA 24X85;5.07
7790040613607;ALFAJOR BOB BLANCO 40X40 G.;2.76
7790040613706;ALFAJOR BON O BON LECHE 40X40G;2.76
7790040613805;ALF.B-O-B.BCO.AGRUP.16X6X40 07;13.70
7790040613904;ALF.B-O-B.NGO.AGRUP.16X6X40 07;13.70
7790040614000;ALF.B-O-B.NEGRO 21X60 G.TRIPLE;3.89
7790040656109;GALL.SONRISAS PICARAS 35X84g;4.40
7790040659605;ALFAJOR COFLER BLOCK 21X60g;3.88
7790040667204;GALL.CER.MIX.AVE/PAS.25X230GR.;7.07
7790040667303;GALL.CER.MIX.SEM/CHIP.25X230G.;7.07
7790040669109;HOGARE•AS SALVADO 30X200 GR.;4.76
7790040669208;HOGARE•AS SALVADO 10X3X200 GR;12.21
7790040676800;TORTITAS BLACK 24X125G-ARCOR;4.32
7790040676909;TORTITAS FTOS.BOSQUE 24X140 GR;4.32
7790040677005;TORTITAS CHOCOLA 24X125G-ARCOR;4.32
7790040677203;TORTITAS SUPER CHOC. 24X125 GR;4.32
7790040704800;SERRANAS SANDWICH 48X112 G.;2.42
7790040704909;SERRANAS SANDWICH 16X3X112 GR.;6.40
7790040711105;SURT DIVERSION 21X400 GR.;6.35
7790040713703;GALL.C.MIX AVENA/PASAS 25X180G;6.28
7790040714205;GALL.C.MIX AVENA/MANZA.25X180g;6.28
7790040719804;REX 16X125 GR.;7.19
7790040720107;MANA SABOR VAINILLA 36X145G;4.08
7790040720206;MANA CON LECHE 36X145G;4.08
7790040720305;MANA SABOR LIMON 36X145 GR;4.08
7790040720503;MANA SABOR COCO 36X145 GR;4.08
7790040720800;MANA SABOR VAINILLA 12X3X131g.;9.23
7790040725003;SERRANITAS 42X105 G.ARCOR RED;1.79
7790040725102;SERRANITAS 14X3X105G.ARCOR RED;5.06
7790040727106;GALLETAS SER LIMON 30X130G.;5.50
7790040740006;PEPAS ARCOR 24X200 GR.;3.97
7790040756809;CHOCOCHIPS 24X135 GR;3.56
7790040872103;TRAVIATA 48X101 GR.;2.86
7790040872202;TRAVIATA 16X3X101 GR.;6.56
7790040872400;TRAVIATA 16X5X101 GR.;11.29
7790040882102;GALL.HOGARE•AS.SESAMO.36X167G.;5.13
7790040929609;CRIOLLITAS TOST.CLAS.18X200G;7.49
7790040929807;COQUITAS 40X170G;5.34
7790040929906;CHOCOLINAS 40X170G;5.23
7790040930100;MELLIZAS 12X3X112 GR;12.14
7790040930209;MELLIZAS 36X112 GR;4.40
7790040930308;AMOR 12X3X112 GR;12.14
7790040930407;AMOR 36X112G.;4.40
7790040930506;RUMBA 36X112 GR;4.40
7790040930605;RUMBA 12X3X112G.;12.14
7790040931206;SONR.FRAMBUESA 36X118 G.NUEVA;4.40
7790040931305;SONR.FRAMBUESA 12X3X118G;12.14
7790040931404;SONRISA CHO/VAI.36X120G;4.40
7790040931503;SONRISA CHO/VAI.12X3X120G;12.14
7790040931800;SONRISA VAI/VAI.36X120G;4.40
7790040931909;SONRISA VAI/VAI.12X3X120G;12.14
7790040932609;MERENGADAS FRUTILLA 12X3X93G;12.15
7790040936003;OPERA TRIPLE ORIG.56X75G;3.92
7790040936102;OPERA TRIPLE FRUT 56X75G;3.92
7790040936201;OPERA TRIPLE CHOC 56X75G;3.92
7790040939400;SER CRACKER 30X120 GR;3.69
7790040939905;SER CRACKER 10X3X120 GR;9.05
7790040941601;GALL.SER VAINIL 30X130G.BAGLEY;5.50
7790040944602;REX JAMON SERRANO 32X60G;3.88
7790040944800;REX QUESO 32X60G;3.88
7790040946101;CRIOLLITAS 36X169 GR;4.04
7790040946200;CRIOLLITAS 12X3X169 GR;11.08
7790040946309;CRIOLLITAS SIN SAL 36X169 GR.;4.74
7790040946408;CRIOLLITAS SIN SAL 12X3X169 GR;12.78
7790040947603;GALL.RUMBA CHOCOLATOSA 36X112G;4.40
7790040947702;GALL.RUMBA CHOCOLATO 12X3X112G;4.05
7790040948709;TENTACIONES MOUSSE CHOC.24X85g;5.07
7790040948808;TENTAC.MOUSSE CHOC.BCO.24X85 g;5.07
7790040953109;TENTACION. MOUSSE LIMON 24x85g;5.07
7790040953208;TENTACION.MOUSSE FRUTI.24X85 g;5.07
7790040953703;ALFAJOR TOFI BCO.21X73G;3.89
7790040954014;CER.MIX YOGH/FRUTIL.L.6X20X28g;51.06
7790040954106;CER.MIX YOGH/FRUTI.L.32X3X28g;8.58
7790040978102;SER FIBRAS 16X220G;16.79
7790040991606;CRIOLLITAS TOST.DULCES 18X200G;7.49
7790040991705;CRIOLLITAS TOST.SALV.18X200G;7.49
7790040991910;ALFAJOR BYN 3.0 BLANCO21X73.5G;4.03
7790040992009;OPERA BLACK 56X60G;3.19
7790040992108;OPERA TRIPLE BLACK 56X80G;3.92
7790040994904;PORTE•ITAS 30X130 GR;3.41
7790040996304;ALFAJOR BYN NEGRO 36X50 G.BAGL;3.07
7790040996403;ALFAJOR BYN BLANCO 36X50G.BAGL;3.07
7790040999107;SER TOSTADAS SALVADO 16X105 GR;7.85
7790040999404;SALVADO BAG.FIBRACTIVE 36X214G;4.72
7790040999503;SALVADO BAG.FIBRACT.12X3X214 G;12.58
7790040999602;SALVADO BAG.FIBRACT.S/S 36X214;4.96
7790407022011;BOCADITO CABSHA 24 X 48 X 10 G;46.68
7790407031013;CHOC. FLIAR. AGUILA 6X15X100;141.34
7790407031310;CHARLOTTE AGUILA 12X500 GR.;20.36
7790407049032;COFLER AIREADO BCO.8X20X30 GR.;60.09
7790407049056;COFLER AIREADO BCO/LEC.8X20X30;60.09
7790407049087;COFLER AIREADO LECHE 8X20X30;60.09
7790407310118;CHOC AGUILA 6X15X100G F.ESP.;141.34
7790407310712;CHOCOLATE AGUI. BCO. 6X15X100;141.34
7790407312716;CHOCO FLIAR AGUILA 6X15X150G;177.82
7790407314710;BA•O REP.BLANC.POUCH 8X12X150g;113.08
7790407315519;BA•O REP.S/AMA.POUCH 8X12X150g;113.08
7790407316417;BA•O REP.LECHE POUCH 8X12X150g;113.08
7790407490414;COFLER AIREADO BCO. 8X10X60;60.09
7790407490612;COFLER AIREADO BCO/LEC.8X10X60;60.09
7790407490711;COFLER AIREADO LECHE 8X10X60;60.09
7790580006600;TAB BA•O LE HE.KITTY 20X40X8G;24.32
7790580039707;TAB CHO LE/BCO COFLE 12X10X55G;59.69
7790580100186;OBLEA OPERA BA•ADA 8X20X27G;39.36
7790580100193;OBL ARCOR GO AGRUP 32X5X16G;7.33
7790580100216;CHOCO LECHE RELL BOB 12X25X27G;70.80
7790580100223;CHOC LECH COFLER SUPR 6X10X110;115.18
7790580100230;CHOC LECH COFLER SUPR 6X20X55G;127.96
7790580100247;CHOC BCO COFLER SUPR 6x10x110g;115.18
7790580100254;CHOC BCO COFLER SUPR 6x20x55g;127.96
7790580100537;CH.TOPLINE UVA 30X20X6.7GR; 22.92   
7790580100575;CAR.MP.FREE STRONG 12X12X26.6G; 21.38   
7790580100810;MR. POP S EVOL. FRUTILLA 2013; 12.73   
7790580100940;CHU.M.POP.SUP.FTAL.SDO.15X400G; 12.23   
7790580101053;B. TOFFEES BON O BON 6X959G; 30.03   
7790580101060;MP EX-STRONG 12X12X30.6GR; 18.35   
7790580101107;CARAM.MAST.FRUTA ARC. 10X800 G; 21.59   
7790580101305;MOGUL PARTES DEL CUERPO 6X500g; 23.02   
7790580101367;CAR.MP C+ LIM‡N 12X12X29.5GR; 18.35   
7790580101619;CHUP.MR.POP.EVOL.SRTDO.12X480G; 12.73   
7790580101640;GOMAS BANANITAS MOGUL 4 X 1KG; 54.12   
7790580101657;GOMAS BANANITAS MOGUL 6X500G; 23.02   
7790580101787;MOGUL ANILLOS 4 X 1KG; 54.12   
7790580101794;GOMAS MOGUL CONITOS 4X1KG.; 54.12   
7790580104207;BOCADITO HOLANDA 24X50; 28.15   
7790580106003;BOC.CHOCOMANI ARCOR 12X125 U.; 38.30   
7790580106409;LA VACA LECHERA 16X576 GR.; 27.02   
7790580108304;CARAMELO DULCILAC 10X120 UN; 36.77   
7790580110109;CREMINO COCO 6 X 940; 34.48   
7790580110208;CREMINO SURTIDO 6 X 940; 34.48   
7790580120108;POSTRE VAINILLA GODET 24X140 G; 2.74   
7790580128203;POSTRE D.DE LECHE GODET 24X140; 2.74   
7790580130602;TOPLINE TAB.STRONG AG.90X4X6.7; 6.08   
7790580134006;FLAN CHOCOLATE GODET 24X100g; 3.58   
7790580135003;FLAN VAINILLA GODET 24X65 GR.; 2.42   
7790580144104;CH.TOPLINE AG.FRUTA 90X4X6.7 G; 6.08   
7790580144203;CH.TOPLINE AG.MENTA 90X4X6.7 G; 6.08   
7790580145804;CHI.TOPLINE MENTOL 30X20X6.7 G; 22.92   
7790580146405;CH.TOPLINE SAND/MTA.30X20X6.7G; 22.92   
7790580149505;FLAN D.DE LECHE GODET 24X65 G; 2.42   
7790580151201;BUTTER TOFFEES LECHE 36X150 G; 6.55   
7790580151300;BUTTER TOFFEES CHOCOLAT.36X150; 6.55   
7790580160807;ACEITE MAIZ ARCOR 900 ML; 14.48   
7790580168209;JALEA POLVO FRUTI.GODET 24X100; 3.38   
7790580168308;JALEA POLVO CEREZ.GODET 24X100; 3.38   
7790580169312;MOGUL CEREBRITOS 12X12X30 GR; 19.87   
7790580169701;JALEA POLVO NARAN.GODET 24X100; 3.38   
7790580169800;JALEA POLVO FRAMB.GODET 24X100; 3.38   
7790580169909;JALEA POLVO DZNO.24X100g.GODET; 3.38   
7790580174507;JALEA MANZANA GODET 24X100gr.; 3.38   
7790580174705;POSTRE CHOCOLATE GODET 24X140G; 3.66   
7790580175009;MENTHO PLUS CHERRY 12X12X30.6G; 18.35   
7790580175108;MENTHO PLUS MENTHOL 12X12X30.6; 18.35   
7790580175306;MENTHO PLUS MIEL 12X12X30.6 GR; 18.35   
7790580175900;MTHO.PLUS AGR.CHERRY 60X3X30.6; 5.20   
7790580176006;MTHO.PLUS AGR.MENTOL 60X3X30.6; 5.20   
7790580178208;MOGUL CONFITADO 12X12X40 GR; 38.71   
7790580179502;MPLUS 2 BLACK-STRONG 12X12X29G; 18.35   
7790580182205;OBLEA LECHE BON-O-BON 16X6X30G;15.52
7790580186906;BEB.POOSH NARANJA.24X200ML; 2.05   
7790580187804;MPLUS 2 RED-CHERRY 12X12X29G; 18.35   
7790580199913;MOGUL OSITOS 12X12X30 GR; 19.87   
7790580200107;MOGUL TIBURON.12X12X30 G; 19.87   
7790580201302;CHUP.MR POPS SILBAPITO 12X50un; 15.28   
7790580203207;BEBI.POOSH MANZANA.24X200ML; 2.05   
7790580208905;BEB.POOSH UVA.24X200ML; 2.05   
7790580213305;MPLUS 2 BLUE-MENTOL 12X12X29G; 18.35   
7790580213503;BEB.POOSH DUO.24X200ML; 2.05   
7790580213701;BEB.POOSH DURAZNO.24X200ML; 2.05   
7790580214104;RODAJAS 6X930; 37.96   
7790580214302;CARAMELOS SURTIDOS OFERTA 6X1; 33.55   
7790580215101;FRUIT CRISTAL ARCOR 6X935 GR; 35.60   
7790580216504;HVO.HELLO KITTY 8X12X22GR;70.32
7790580219000;BOCADITO CABSHA ACR.48X18X10 G;20.55
7790580219307;CREMINO COCO 36X150G; 6.55   
7790580219604;CREMINO SURTIDO 36X150GR.; 6.55   
7790580219802;BOCADITO CABSHA 48X12X10 GR.;13.50
7790580222505;POSTRE B-O-B BA•ADO 40X120 GR; 9.10   
7790580223205;LOTSA FIZZ 12X48X5 UN.; 34.14   
7790580230104;MOGUL VIBORITAS 12X12X30; 21.30   
7790580236212;BIZCOCHUELO LIMON GODET 12X480; 7.80   
7790580236519;BIZCOCHUELO MARMO.GODET 12X500; 8.52   
7790580240714;BUT.TOFFEES RELLD.D.LEC.6X959g; 30.03   
7790580242008;TAB CHOC C/CONF COFL 12X10X55G;59.69
7790580242107;TAB CHOC C/CONF COFL 4X16X100G;166.68
7790580244705;BEB.POOSH MULTIFRUTA.24X200ML; 2.05   
7790580250515;MR.POPS EVOL.BLUE BERRY 12X24U; 12.73   
7790580250607;MR.POPS EVOLUT.CEREZA 12X24 UN; 12.73   
7790580250706;MR.POPS EVOL.MANZANA 12X24X20G; 12.73   
7790580252809;MISTER POP S FRUTAL 12X50 UN.; 15.28   
7790580252908;MISTER POP S FRUTAL 24X10 UN.; 3.93   
7790580255503;TAB CHO/MAN COF BLOC 4X16X180g;238.37
7790580255602;TAB CHOC/DLL COFLER 8X20X42G;60.09
7790580256401;OBL RELL/ALME COFLER1 8X20X35G;49.20
7790580256500;OBLEA RE/ALME COFLER2 8X20X35G;49.20
7790580256609;PURE DE TOMATE ARCOR 12X520 GR; 4.21   
7790580257309;CHOC.CONF. ROCKLETS 21 X 170 G;15.20
7790580257408;MANI COFLER BLOCK 12X20X25G;32.59
7790580258504;CHOC LECH/MANI ARCOR 6X14X100G;112.21
7790580258719;CHOCO BCO/MANI ARCOR 6X14X100G;112.21
7790580259204;CHOC LEC Y BCO ARCOR 6X14X100G;112.21
7790580259402;MOGUL MORAS 24X150 GR.; 7.10   
7790580259600;MOGUL DIENTES 24X150 GR.; 7.10   
7790580261672;BUTTER TOF.CHOKKO MINT 36X150g; 6.55   
7790580262402;MOGUL MORAS 6X500 GR.; 23.02   
7790580263102;MOGUL DIENTES 6X500 GR.; 23.02   
7790580282004;MPLUS C+ FRUTILLA 12X12X30.6G; 18.35   
7790580296506;RODAJAS CRAZY 12 X 465G; 20.10   
7790580299408;MPLUS C+ BLUEBERRY 12X12X30.6G; 18.35   
7790580299507;MPLUS C+ MANDARINA 12X12X30.6G; 18.35   
7790580300302;BON-O-BON LECHE 16X18X17GR.;24.83
7790580300302;B-O-B LECHE 16X18Ux17 GR.;24.83
7790580300401;BON-O-BON BLANCO 16X18X17GR.;24.83
7790580300609;BON-O-BON LECHE 24X7X17GR.;9.46
7790580300708;BON-O-BON BLANCO 24X7X17GR.;9.46
7790580301118;HELADO CHOCOLATE GODET 24X75G; 3.78   
7790580301200;HELADO VAINILLA GODET 24X65g.; 3.26   
7790580301309;HELADO D.DE LECHE GODET 24X65g; 3.26   
7790580301408;HELADO FRUTILLA GODET 24X65 G.; 3.26   
7790580304300;RELLENO UNTABLE B-O-B 24X320G;14.29
7790580304706;RELL.UNTABLE B-O-B CHOC.24X320;14.29
7790580307707;JALEA FRUTILLA MOGUL 24X60g.; 2.55   
7790580307806;JALEA CEREZA MOGUL 24X60g.; 2.55   
7790580307905;JALEA MANZANA MOGUL 24X60g.; 2.55   
7790580308100;MOGUL JELLY BUTT.6X1KG; 32.00   
7790580309206;MOGUL EUCALIPTUS 6X1kg; 32.00   
7790580309602;MOGUL ANILLOS 6X1 KG.; 32.00   
7790580310301;TAB.AGUILA 60% AMARGA 6X15X100;149.84
7790580310608;TAB.AGUILA C.D/MARFIL 4X20X100;199.79
7790580311315;MOGUL CONITOS 6X1KG; 32.00   
7790580312008;TAB.AGUILA LEC/MOUSSE 8X10X75g;82.51
7790580312107;CHOC.CONFIT.ROCK MINI 21X170G;15.20
7790580312213;ROCKLETS BOLSA 24 X 200 G;13.98
7790580312312;CHOC CONFIT.ROCK.MINI 24X200G;13.98
7790580313302;M.POP.EVOL.MADAGAS.3 12X24X17G; 12.42   
7790580314507;MOGUL MORAS 16X300 GR; 15.07   
7790580315405;CHOC.BARRITA AGUILA 24X24X14g;30.95
7790580316808;CH NGTRENZ FRU.MANZ 12X20X15G; 17.57   
7790580317607;CH.T.LINE 7 XPLOS.MIN.36X16X14; 2.56   
7790580321307;BARRA BON O BON CHOC.6X20X35 G;50.14
7790580322205;CHOCOLA.FLIAR.GODET 4X15X100 G;104.88
7790580323004;BARRA BON O BON 6X20X35 GR;50.14
7790580323103;BARRA COFLER EXT.MANI 6X20X46g;50.14
7790580323202;BARRA COFLER EXT.COCO 6X20X40g;50.14
7790580323301;JALEA OSITOS MOGUL 24X90g.; 3.43   
7790580323400;JALEA BANANA MOGUL 24X60g.; 2.55   
7790580323578;JALEA UVA MOGUL 24X60g.; 2.55   
7790580326661;BOMBOM CHOCOLATE BOB 12X30X17G;37.55
7790580326906;CH.T.LINE 7 B.MANDAR.36X16X14g; 40.94   
7790580327415;CHOC. ROCKLETS 12X18X40G.;55.71
7790580327613;MANI C/CHOC ROCKLETS 12X18X40G;55.71
7790580332501;CHOC/ALM COFLER AIR 8X20X30 G;60.09
7790580332600;TAB CHOC/ALMEN COFLER 8X10X60G;60.09
7790580332709;CHOC.C/ALM.COFLER AIR.4X16X100;174.07
7790580333607;BUTTER TOFFEES LEMON PIE 6X959; 30.03   
7790580333706;CHUP.BEN 10 MANZANA 12X24X17G; 12.76   
7790580343408;RELLENOS MIEL 6 X 810 GR.; 29.59   
7790580343507;MENTA CHOCOLATE 6 X 810GR.-; 29.59   
7790580343606;RELLENOS MIEL+MENTA 12X405G; 14.82   
7790580343705;EUCALIPTOL 12 X 405G; 14.82   
7790580343903;SAQUITOS RELLENOS 12 X 405G; 14.82   
7790580344207;BASTON VIENA 12X470 GR.; 14.82   
7790580344603;CHIC.NG.ESTIROM.T/FRUT.6X12X55; 58.03   
7790580345006;CHIC.POOSH SANDIA 16X50UX5.4G; 15.75   
7790580346201;OBLEA BOB RELL.CHOC.8X20X27 GR;44.28
7790580346515;OBLEA B-O-B.LECHE 8X20X30GR;44.28
7790580346607;OBLEA B-O-B.BLANCO 8X20X30 GR;44.28
7790580346706;OBLEA B-O-B.LEC.AGRUP.32X3X30G;7.76
7790580346812;OBLEA B-O-B.BCO.AGRUP.32X3X30G;7.76
7790580348304;MASTICABLE MOGUL 16X700 G; 28.42   
7790580349004;CHOC.COFLER LECHE 12X10X55 GR;59.69
7790580349103;CHOC.COFLER LEC/ALM.12X10X55 G;59.69
7790580349400;CHOC.COFLER LEC/CROC.12X10X55G;59.69
7790580350000;COFLER YOG.FRUT.LIGHT 12X20X27;53.26
7790580357016;BON-O-BON SUAVE 12X510 GRS.;37.55
7790580357627;HUEVO C/SORPRE. TOYS 8X12X22G.;45.09
7790580361204;CH.TL7 ATM.STRONG 36X16X14.7GR; 40.94   
7790580363703;MOGUL RATONES 6X500g.; 23.02   
7790580364809;POSTRE B O B REGULAR 12X16X38G; 37.83   
7790580385101;BON-O-BON LECHE EXH.72X18X17 G;24.83
7790580385507;CH.CONF.TLINE SANDIA 12X12X14g; 26.80   
7790580386207;CHI.CONF.FRUTA T.LINE 12X12X14; 26.80   
7790580386306;CHI.CONF.T.LINE MENTA 12X12X14; 26.80   
7790580387006;SALADIX PIZZA 8X6X30G;1.95
7790580387105;SALADIX JAMON 8X6X30G;1.95
7790580388010;CUBITOS D/FRUTA MOGUL 16X300G.; 15.07   
7790580388317;CH.CONF.T.LINE STRONG 12X12X14; 26.80   
7790580389802;CH.CONF.T.LINE DEFENS.12X12X14; 26.80   
7790580401504;TURR‡N OBLEA AGRUP. 20X10X25 G; 48.98   
7790580402808;ARCOA 32 X 180 GR.; 4.27   
7790580402907;ARCOA 20x360G.; 5.14   
7790580412807;SELECCI‡N CHOC. ARCOR 16X270G.;24.83
7790580420512;LENT.CONF.ROCK-MAX 9X12X50 GR;40.24
7790580422004;CHOCOLATE CONF.ROCKLETS 10X1 K;60.79
7790580423414;CHOC.CONFIT.ROCKLETS 12X24X20g;37.15
7790580426606;CONF.ROCKLETS MINI 12X44X10 GR;38.25
7790580436100;CABHSA ALPINE LECHE 24X14X9.3G;13.37
7790580436902;MOGUL ANILLOS 16X250 GR.; 9.59   
7790580439002;MANA RELLENA FRUTILLA 36X165 G;5.40
7790580439101;MANA RELL.LIMON 36X165G;5.40
7790580439200;MANA CHOC.RELL.VAINIL.36X165 G;5.40
7790580468101;MTHO.PLUS S/A.DURAZ.12X12X26.6; 21.38   
7790580468200;MTHO.PLUS S/A.MENTOL12X12X26.6; 21.38   
7790580468309;MTHO.PLUS S/A.POMELO12X12X26.6; 21.38   
7790580470005;RELLENOS MIEL 36 X 150G; 6.55   
7790580470104;RELLENOS MIEL+MENTA 36X150G; 6.55   
7790580470203;MENTA CHOCOLATE 36 X 150G.; 6.55   
7790580470500;RELLENOS FRUTALES 36 X 150G; 6.55   
7790580470609;MENTA CRISTAL 36 X 150G; 6.55   
7790580470708;BUTTER N CREAM 36 X 150 G.; 6.55   
7790580470807;GAJITOS ARCOR 36 X 150 GR; 6.55   
7790580470906;GAJITOS 12 X 485 GR; 14.39   
7790580471002;FRESH CRISTAL 12 X 465G; 17.80   
7790580471101;RODAJAS ARCOR 36 X 150G; 6.55   
7790580471200;STRONG CRISTAL 12 X 465 GR; 17.80   
7790580471309;RELLENOS FRUTALES 6 X 810 GR; 29.59   
7790580471606;CARAMELO ICE CRISTAL 12X418 GR; 17.84   
7790580484705;POSTRE B-O-B REGULAR 20X240 GR; 13.83   
7790580485009;POSTRE B-O-B.REGULAR 40X110 GR; 6.67   
7790580485108;POSTRE B-O-B.CHOCOLATE 20X240g; 13.83   
7790580489601;CAR.BOMBON DE FRUTA 12X500 GR; 22.92   
7790580491208;CH.TL7GEL SPEAR/MTOL 36X16X15G; 40.94   
7790580491307;CH.TL7GEL SANDIA/CIT 36X16X15G; 40.94   
7790580492304;CUBANITO COFLER LECH.12X16X16G;20.26
7790580495107;MEDALLON MTA. AGUILA 18X30X15G;46.42
7790580502300;DULCE DE BATATA ARCOR.2X5KG; 67.61   
7790580502409;DULCE BAT C/CHOCO ARCOR.2X5KG; 67.61   
7790580503109;BATATA VAIN.12 X 700 GRS.ARCOR; 13.59   
7790580504007;MEMBRILLO LATA 12X700; 16.15   
7790580504410;BATATA VAINILLA ESTUCHE 12X500; 6.45   
7790580504601;MEMBRILLO ESTUCHE 12X500 GR.; 7.60   
7790580504809;BATATA VAIN. S/CHOC. 12X500 G.; 6.61   
7790580505608;DULCE DE MEMBRILLO ARCOR.2X5KG; 80.21   
7790580508104;MERM.POTE DULCIORA 12X500 DUR.; 6.06   
7790580508203;MERM.POTE DULCIORA 12X500 DAM.; 6.06   
7790580508302;MERM.POTE DULCIORA 12X500 NAR.; 6.06   
7790580508401;MERM.POTE DULCIORA 12X500 CIR.; 6.06   
7790580508500;MERM.POTE DULCIORA 12X500 ZAP; 6.06   
7790580508609;MERM.POTE DULCIORA 12X500 HIGO; 6.06   
7790580508807;MERM.POTE DULCIORA 12X500 FRUT; 7.45   
7790580509200;JALEA DE MEMBR. ARCOR 12X454 G; 10.27   
7790580509309;MERMELADA CIRUELA P.A 12X454 G; 9.49   
7790580509408;MERMELADA DAMASCO P.A 12X454 G; 9.49   
7790580509507;MERMELADA DURAZNO P.A 12X454 G; 9.49   
7790580509606;MERMELADA FRUTILLA P.A 12X454G; 13.09   
7790580509804;MERMELADA NARANJA P.A 12X454 G; 9.49   
7790580511104;CH.TL7 V.STRAWB. 36X16X14.7G; 40.94   
7790580511302;MER.LIGHT ARCOR DURAZNO 12X390; 10.19   
7790580511401;MER.LIGHT ARCOR DAMASCO 12X390; 10.19   
7790580511500;MER.LIGHT ARCOR CIRUELA 12X390; 10.19   
7790580511609;MER.LIGHT ARCOR NARANJA 12X390; 10.19   
7790580511708;MER.LIGHT ARCOR FRUTILL.12X390; 13.56   
7790580513306;BUTTER TOFFEES CAFE 6X959 GR.; 30.03   
7790580515300;ME.LIGHT MIX FRUT.CASSIS12X390; 13.56   
7790580531201;CHOC.C/MANI COF.BLOCK 8X20X38g;60.09
7790580538002;H.DE MAIZ PRESTOPRONTA 24X750; 7.99   
7790580544102;AZUCARADAS VAINILLA 54X80;1.93
7790580556402;JALEA POL.ANANA LIGHT 24X30 GR; 3.38   
7790580567101;TOM.CUBETEADO ARCOR 2X12X400G; 5.31   
7790580567903;TOMATE PEL.PER.2X12X400 G.ARCO; 4.92   
7790580580605;MTER.POP S CHICLE 12X50UX12.5G; 20.10   
7790580585617;CHOCOLATE BCO.ARCOR 20X40X8 GR;24.32
7790580585716;CHOCOLATE LEC. ARCOR 20X40X8G;24.32
7790580587109;CHICLE FLIC S MTA.30X14X12.6 g; 19.35   
7790580587307;CHICLE FLIC S FTA.30X14X12.6 g; 19.35   
7790580601003;CUBANITO COFLER LIMO.12X16X16G;20.26
7790580601300;MENTA CRISTAL ARCOR 6X935; 35.60   
7790580602314;MOGUL EUCALIPTUS 16X250 GR.; 9.59   
7790580602406;MOGUL CONITOS 16X250 GR.; 9.59   
7790580603809;ROLLO MOGUL 12x420 GR.; 19.87   
7790580603816;Ch. TLine Bubble Gum 30X20X6.7; 22.92   
7790580604929;AGUILA CLASS.BCO.C/ALM.8X10X75;82.51
7790580607203;CHOCOLATE C/LECHE ARC.12X30X25;52.57
7790580607418;CHOCOLATE BCO.ARCOR 12X30X25 G;52.57
7790580614119;TORTU.LECH.C/CALCIO12X24X17.5G;32.45
7790580616717;MOGUL COCODRILOS 12X12X30 GR.; 19.87   
7790580617103;MOGUL GUSANITOS 6X500 G.; 23.02   
7790580617806;MOGUL PIECITOS 12X12X30 GR.; 19.87   
7790580618209;MOGUL EUCALIPTUS 12X12X50G; 22.35   
7790580618308;MOGUL FRUTALES 12X12X50g.; 22.35   
7790580618612;TORTU BCA C/CALCIO 12X24X17.5G;32.45
7790580619602;BA.S/MARR.C/CHO.COFLER 6X20X30;50.14
7790580624705;JALEA POL.FRUT.LIGHT 24X30.GOD; 3.38   
7790580626419;BIZCOCHUELO VAIN.GODET 12X480G; 7.80   
7790580626600;BIZCOCHUELO CHOC.GODET 12X480G; 10.05   
7790580626709;BIZCOCHUELO NARAN.GODET 12X480; 7.80   
7790580626907;BIZCOCHUELO COCO GODET 12X480G; 8.02   
7790580627508;BAR COFLE EXT BROWNIE 6x20x35g;50.14
7790580636012;CHOCOL.FLIAR.AGUILA 6X12X250 G;211.53
7790580636203;CHIC.POOSH STONES 16X50UX5.4G; 15.75   
7790580636302;CHIC.POOSH BANANA 16X50UX5.4G; 15.75   
7790580636401;CHI.POOSH FRUTILLA 16X50UX5.4G; 15.75   
7790580636500;CHICLE POOSH MENTA 16X50UX5.4G; 15.75   
7790580636609;CHIC.POOSH T.FRUTT.16X50UX5.4G; 15.75   
7790580649609;BUTTER N CREAM 6X935 GR; 35.60   
7790580649708;BUTTER TOFFEES 6 X 957 GR.; 30.03   
7790580650100;DURAZ MIT MARCA ARCOR 12X820GR; 13.18   
7790580650919;PULPA DE TOMATE SUAVE 12X520; 3.63   
7790580660000;H.DE MAIZ PRESTOPRONTA 30X500; 5.42   
7790580660406;HAR.MAIZ F/HIERRO VTA C.30X400; 5.54   
7790580663209;HAR.MAIZ C/VEGETALES PR.30X400; 6.90   
7790580663308;HAR.MAIZ C/CEBO.S/QUESO 30X400; 6.90   
7790580670009;MENTHOPLUS SPRITE 12X12X30.6g; 18.34   
7790580670108;TABL.CHO.COF.BLOCK DUO 8X10X76;60.09
7790580671808;BUT TOFFEES COLLECTION 16X190G; 9.87   
7790580680800;MOGUL GUSANITOS 24X150G; 7.10   
7790580682408;JALEA POL.LIGHT CEREZA 24X30 G; 3.38   
7790580682507;JALEA POL.LIGHT FTAS.R.24X30 G; 3.38   
7790580684402;JALEA SIN SABOR GODET 24x30 Gr; 3.47   
7790580687403;C.MP CAIP.MARACUYµ 12X12X30.6G; 18.38   
7790580687502;JALEA POL.MZNA.LIGHT 24X30.GOD; 3.38   
7790580693312;CHOC/LENT.CONF.COFLE 4X16X180G;262.96
7790580695309;CHOC.COFLER BCOYCOOK 12X10X55G;59.69
7790580697303;SALADIX PIZZA 4X6X100 GR.;4.78
7790580703608;BUTTER TOFFEES CHOC. 6X959 GR.; 30.03   
7790580707200;CARAMELOS UVA CRISTAL 12X465g.; 17.80   
7790580716707;SALADIX JAM‡N 4x6x100 GR.;4.78
7790580716806;SALADIX CALABRESA 4X6X100 GR.;4.78
7790580717407;SALADIX PARMESANO 4x6x100 GR.;4.78
7790580722708;BOMBON TOFI LECHE 12X32X15 G.;49.53
7790580727307;M.PLUS POWER.CITRUS 12X12X8un; 18.74   
7790580727406;M.PLUS POWER.M.BLAST 12X12X8un; 18.74   
7790580730109;M.P.DRINK.DAIKI.FRU.12x12x30.6; 18.35   
7790580730208;M.P.DRINK MINT MOJI.12x12x30.6; 18.35   
7790580732400;M.PLUS S/A L.LIMON 12X12X26.6g; 21.38   
7790580735104;MOGUL MASTICABLES 36X150GR; 6.08   
7790580739003;CHUP.TROMPITO T.FRU.12X50uX11g; 15.28   
7790580740818;BA.D/MANI COFLER BLOCK 6X20X38;50.14
7790580745509;BT CHOKKO ORANGE 6X959G; 30.03   
7790580745707;CBOY.MADAG.3 T.FRUTT.18X150X3G; 23.21   
7790580746308;CHOC.C/LEC.RELL TOFI 12X25X28G;70.80
7790580746407;CHOC.BCO.RELL.TOFI 12X25X27 GR;70.80
7790580746605;TABLETA LECH.RELL.TOFI 8X15X55;84.96
7790580746704;TABL.C/BCO.RELL.TOFI 8X15X55 g;84.96
7790580746803;TABL.LECHE RELL.TOFI 6x10x100g;103.55
7790580747008;BOMBON SURTIDO BOB 24X289G;24.82
7790580747206;MR.POPÔS-SPACE BALLS12X14U; 78.06   
7790580750107;TAB.CHOC.LEC/ALM COF 4X16X180G;262.96
7790580750206;TAB.CHOC.LECH COFLER 4X16X180G;262.96
7790580753306;CHOC.COFLER CROC/ALM 4X16X100G;166.68
7790580753504;CHOC.COFLER MACI/ALM 4X16X100G;166.68
7790580759902;CHOC. COFLER LECHE 4X16X100GR.;166.68
7790580760007;TAB.CHOC.LECH.AIREAD.4X16X100G;174.07
7790580760205;TAB.CHOC.BLAN.AIREAD.4X16X100G;174.07
7790580761004;TAB.CHOC.MIXTO AIREA.4X16X100G;174.07
7790580763404;MERM.FRUTI/ARANDA.12X454g.ARCO; 13.09   
7790580772208;SALADIX PARMESANO 8X6X30 GR;1.95
7790580775407;SALADIX CALABRESA 8X6X30 GR.;1.95
7790580789701;BOMBON COFLER BLOCK 15X20X20G;30.95
7790580847807;MANI/CHOCO COFLER BLOCK 60X40G;3.24
7790580855000;OBL REL LIM ARCOR-GO 12X30X16G;36.89
7790580863104;BOMBOM CHOCOLATE BOB 16X18X17G;24.83
7790580863203;BOMBOM CHOCOLATE BOB 24X7X17G.;9.46
7790580864804;MOGUL DUO TORTUGUIT. 12X12X25G; 19.87   
7790580864903;MOGUL DUO 12X12X25 GR.; 19.18   
7790580946807;ORE. NAR Y DEDOS 4X1KG EN POTE; 54.12   
7790580947101;DIENTES 4X1 KG REDISE•O-POTES; 54.12   
7790580947804;MOGUL DUO DOYPACK 16X250G; 15.07   
7790580949204;MR.POP.EVOLUT.SANDIA 12X24X20G; 12.73   
7790580955106;BARRA COFLER S.MENTA 6X20X30 G;50.14
7790580955601;TAB.AGUILA CLAS.C/ALME.8X10X75;82.51
7790580955809;SAL.POMAROLA ARCOR DP.24X340g; 5.45   
7790580956400;SAL.PORTUGUESA ARCOR DP.24X340; 5.45   
7790580956509;SALSA FILETTO ARCOR DP.24X340g; 5.45   
7790580956608;SAL.ITALI.AL VERDEO DP.24X340g; 5.45   
7790580956707;SALSA PIZZA ARCOR DP. 24X340g.; 5.45   
7790580956806;SALSA BASILICO ARCOR DP.24X340; 5.45   
7790580956905;SAL.NAPOLITANA ARCOR DP.24X340; 5.45   
7790580969400;SALSA TUCO ARCOR D.PACK 24X340; 5.45   
7790580980009;CHO.ENT.ARCOR.24X300; 7.29   
7790580980801;CHOCLO.CREMOSO.ARCOR.24X300G; 6.73   
7790580980900;POROTOS ALUBIA SEC.REM.24X300g; 5.50   
7790580981907;GARBANZOS.SEC.ARCOR.24X300G; 5.33   
7790580982102;ARV.SEC.ARC.24X300; 4.41   
7790580982201;ARVEJAS VERDES 24X300 ARCOR; 6.90   
7790580983307;JARDINERA.ARCOR.24X300G; 5.53   
7790580983406;JARDINERA+CHOCLO.ARCOR.24X300G; 6.29   
7790580983505;LENTEJAS.SEC.REM.ARCOR.24X300G; 5.56   
7790580984113;JG.PV.BC NARANJA 16X18X9.7 G; 22.91   
7790580984212;JG.PV.BC LIMONAD.16X18X9.3 G; 22.91   
7790580984311;JG.PV.BC.MANGO-NAR.16X18X7.9G; 22.91   
7790580984410;JG.PV.BC.NARAN.DULC.16X18X9.5G; 22.91   
7790580984519;JG.PV. BC PERA 16X18X7.8G.; 22.91   
7790580984618;JG.PV.BC.POM.ROSADO16X18X10.3G; 22.91   
7790580984717;JG.PV.BC.MANZ.ROJA.16X18X8.5G; 22.91   
7790580985004;TORTA CHE/CAKE GODET 2X8X300gr; 11.77   
7790580985103;TORTA LEMON PIE GODET 2X8X300g; 11.77   
7790580985301;BROWNIES GODET 2X8X425 GR.; 10.39   
7790580985400;VOLCAN GODET 2X8X375 gr; 11.77   
7790580985516;JG PV.ARCOR LIMONADA 12X14X25G; 15.67   
7790580985615;JG.PV.ARCOR ANANA 12X14X25GR.; 15.67   
7790580985714;JG.PV.ARCOR.MANZANA.12X14X25GR; 15.67   
7790580985813;JG.PV ARCOR.NAR-DZNO.12X14X25G; 15.67   
7790580985912;JG. PV.ARCOR.NARANJA.12X14X25G; 15.67   
7790580986018;JG.PV.ARCOR MULTIFRU 12X14X25G; 15.67   
7790580986117;JG.PV.ARCOR PERA 12X14X25GR.; 15.67   
7790580988005;BUT.TOFFEES CHOKKO MINT 6X959g; 30.03   
7790580996017;NGUM.ESTIR.MANZ.RE.AC.6X12X57G; 58.03   
7793360000089;TOM.PEL.PERIT.ENT.LC.2X12X400G; 5.35   
7793360000140;PULPA T.SALSATI 12X520 G; 3.63   
7793360000287;TOM.CUBET.SALSATI 2X12X400G; 6.53   
7793360000294;TOM.PEL.PER.SALSATI 2X12X400G; 6.24   
7793360000645;064 - EXTR. TRIPLE 24X180; 8.06   
7793360001451;CAR.BC FRUTILLA 24X6X18.2G; 12.43   
7793360002007;DURAZ. EN CONSERVA LC 12X820 G; 14.16   
7793360002090;231 - ANANA NAT.LC 12X825; 18.79   
7793360002106;219 - COCTEL FRUTAS 12X820; 19.95   
7793360002151;PERAS AL NATURAL CAMPAG.12X820; 16.26   
7793360002175;COCTEL DE FRUTAS BC 12X800 GR.; 21.08   
7793360002236;PERAS AL NATURAL BC 12X800 GR.; 16.90   
7793360002243;202 - ANANA NAT.BC 12X825; 20.09   
7793360002434;243 - KETCHUP PET COM 12X400; 13.31   
7793360002441;244 - KETCHUP PET PIC.12X400; 13.30   
7793360004759;479 - DULCE DE LECHE 12X450; 18.74   
7793360004766;476 - DULCE DE LECHE 12X840; 32.06   
7793360005084;ATUN AL NATURAL LC 24X170G; 14.43   
7793360005107;ATUN EN ACEITE CAMPAGN.24X300G; 24.34   
7793360005169;ATUN AL NATURAL LC 24X300G; 24.34   
7793360005237;512 - ATUN AC OLIVA LC24X170; 19.52   
7793360005244;513 - ATUN SAL.TOM LC 24X170; 14.70   
7793360005312;ATUN EN AC DESMEN.MERE.24X170g; 8.47   
7793360005329;ATUN AL NAT.DESM.NEREI.24X170g; 8.47   
7793360006142;605 - CABALLA NAT.24X300; 13.21   
7793360006159;606 - CABALLA TOM. 24X300; 13.21   
7793360008085;SARDINA E/ACEIT.24X120 G.NEREI; 10.53   
7793360008092;SARDINA AC.OLIVA 24X120g.NEREI; 11.65   
7793360008115;SARDINA SAL/TOMATE 24X120g NER; 10.53   
7793360008139;SARDINA AL LIMON 24X120 G.NERE; 11.65   
7793360033247;CAR.BC SURTIDOS 36X70.2 G; 6.26   
7793360104305;BEBIDA BC CIRUELA 12X1 LT.; 6.57   
7793360104404;BEBIDA BC CIRUELA 24X200ml.; 2.20   
7793360179501;DURAZNOS BC LA CAMPAG. 12X800G; 15.54   
7793360215803;ATUN EN ACEITE LC 4x12x120g.; 191.57   
7793360215902;ATUN AL NATURAL LC 4x12x120g.; 191.57   
7793360246609;BEBIDA BC LC NARANJA 24X200ml.; 2.20   
7793360256905;PURE T.SALSATI 12X520 G; 4.38   
7793360257001;PURE DE TOMATE 12X520 GR; 4.36   
7793360257100;PULPA DE TOMATE 12X520 G; 3.63   
7793360294600;BEBIDA BC LC MANZANA 24X200ml.; 2.20   
7793360296000;BEBIDA BC LC MULTIFRU.24X200ml; 2.20   
7793360296109;BEBIDA BC LC DURAZNO.24X200ml; 2.20   
7793360298004;BEBIDA BC NAR/MANG/MAR 12X1L.; 6.57   
7793360326301;CAR.BC MANDARINA 24X6X18.2G; 12.43   
7793360326608;CAR.BC SURTIDOS 6X418.6 G; 32.01   
7793360332319;CAR.BC POMELO ROS.24X6X18.2G; 12.43   
7793360341908;BEBI.BC LC NAR/MAN/MA 24X200ML; 2.20   
7793360473906;BEBIDA BC DURAZNO 12X1 LT; 6.57   
7793360475009;BEB.BC NARANJA 12X1 LT; 6.57   
7793360475108;BEB.BC MANZANA 12X1 LT; 6.57   
7793360475207;BEB.BC MULTIFRUTAL 12X1 LT; 6.57   
7793360614903;SALSA.GOLF.BC.DP.2X20X125CC; 22.69   
7793360674082;MAYONESA BC DOY PACK 8X1000 CC; 15.42   
7793360674105;MAYONESA BC DOY PACK 12x500 CC; 8.65   
7793360674204;MAYONESA BC DOY PACK 12x250 CC; 3.81   
7793360674303;MAYONESA BC D/PACK 2x20x125 CC; 43.47   
7793360730504;CABALLA ACEI.Y AGUA LC 24X300g; 13.21   
7793360744808;SAL.POMARO.LIGHT 24X340 SALSAT; 6.36   
7793360788000;MAYONE.C/ACEI.OLIV.BC 12X500cc; 10.13   
7793360789106;MAYON.C/ACEI.OLIVA BC 12x250cc; 5.23   
7793360791703;SALSA GOLF BC D.PACK 12x250 CC; 5.19   
7793360800009;MERMELADA DURAZNO LC 24X454 GR; 10.67   
7793360800900;MERM.FRUTILLA LC 24X454 GR.; 13.83   
7793360801709;MERMELADA CIRUELA LC 24X454 GR; 10.67   
7793360802300;MERMELADA NARANJA LC 24X454 GR; 10.67   
7793360803109;MERMELADA DAMASCO LC 24X454 GR; 10.67   
7793360805707;MERM.FRAMBUESA LC 24X454 GR; 13.83   
7793360806308;MERM.ARANDANO LC 24X454 GR; 13.83   
7793360810404;MERMELADA DE TOMATE LC 24X454g; 10.67   
7793360810701;JALEA DE MEMBRILLO LC 24X454 G; 13.07   
7793360811401;MERM.DURAZNO BC 24X390 GR; 11.95   
7793360812101;MERM.FRUTILLA BC 24X390 GR; 15.45   
7793360815003;MERM.CIRUELA BC 24X390 GR; 11.95   
7793360815201;MERM.NARANJA BC 24X390 GR; 11.95   
7793360816505;MERM.DAMASCO BC 24X390 GR; 11.95   
7793360816604;MERM.ARANDANO BC 24X390 GR; 15.45   
7793360816703;MERM.TOMATE BC 24X390 GR; 12.52   
7793360822704;MERM.NARANJA/DURAZ.BC 24X390 G; 12.52   
7793360826306;MERM.FRUTOS ROJOS BC 24X390 GR; 15.45   
7793360833601;JALEA MEMBRILLO BC 24X390 GR; 15.18   
7793360835803;MERM.FRAMBUESA BC 24X390 GR; 15.45   
7793360927300;SALSATI.PARMESA.D.PACK.24X340g; 5.78   
7793360927409;SALSATI.VINO.BLANCO.24X340g DP; 5.78   
7793360927508;SALSATI POMAROLA D.P. 24X340g; 5.78   
7793360927607;SALSATI PORTUGUESA DP.24X340G; 5.78   
7793360927805;SALSATI PIZZA D.PACK 24X340g; 5.78   
7793360927904;SALSATI FILETTO D.PACK 24X340g; 5.78   
7793360933905;SALSATI AJO/CEBOLLA.DP.24X340G; 5.78   
7793360935909;SALSATI ALBAHACA DP.24X340G; 5.78   
7793360982309;ARV.SEC.LC 24X300; 4.64   
7793360982408;ARVEJA.FRESCAS.24X300.LC; 7.77   
7793360984808;GRANOS CHOCLO AMAR.ENT.24X240G; 8.69   
7793360984907;CHOCLO. AMAR.CREMOSO.LC.24X300; 7.72   
7793360986208;JARDINERA.LC.24X300G; 6.34   
7793360986307;JARDINERA+CHOCLO.LC.24X300G; 7.16   
7793360986406;POROTOS ALUBIA LC.24X300G; 6.11   
7793360986505;POROTOS.PALLARES.LC.24X300G; 6.95   
7793360986604;POROTOS DE MANTECA LC.24X300; 7.50   
7793360987106;GARBANZO.LC.300G; 6.42   
7793360987205;LENTEJAS.LC.300; 6.34   
7794612736107;TAB.NIKOLO TRAD.12X21X30GR;27.85
